num_qubits,num_features,num_layers,seed,bases,approx_score,approx_time,actual_score,actual_time
1,5,5,0,X,0.14683368128044538,6.34076895902399,0.1475295755045233,64.67300679197069
1,5,5,0,Y,0.13639526791927628,6.1127994999988005,0.13569937369519833,66.12271091598086
1,5,5,0,Z,0.18232428670842032,6.2215328339952976,0.18162839248434237,64.60680458403658
1,5,5,0,XY,0.1649269311064718,5.820621874998324,0.16562282533054976,97.6514005829813
1,5,5,0,XZ,0.20807237299930412,6.359749457973521,0.20946416144746,97.38328720803838
1,5,5,0,YZ,0.1677105080027836,6.480466041015461,0.1684064022268615,99.00120841601165
1,5,5,0,XYZ,0.2219902574808629,6.3694730830029584,0.22129436325678498,137.66818070801673
1,5,5,1,X,0.19137091162143355,5.162406541989185,0.1906750173973556,65.74361545901047
1,5,5,1,Y,0.15657620041753653,5.400632834003773,0.1558803061934586,65.39289037504932
1,5,5,1,Z,0.16075156576200417,4.568040375015698,0.16144745998608212,65.4913224169868
1,5,5,1,XY,0.29018789144050106,5.0754732500063255,0.29018789144050106,97.88258958398364
1,5,5,1,XZ,0.26583159359777314,4.395415834034793,0.267223382045929,96.75570091698319
1,5,5,1,YZ,0.20389700765483645,4.998149833001662,0.20320111343075853,96.28435583395185
1,5,5,1,XYZ,0.3298538622129436,4.462430542043876,0.3298538622129436,135.23822741600452
1,5,5,2,X,0.21781489213639527,4.57636966696009,0.2199025748086291,65.2129484579782
1,5,5,2,Y,0.2755741127348643,4.618021041038446,0.26235212247738343,64.17168429202866
1,5,5,2,Z,0.21294363256784968,4.354463582974859,0.21016005567153792,64.41157120798016
1,5,5,2,XY,0.42032011134307584,4.24338895798428,0.42240779401530965,95.76501570903929
1,5,5,2,XZ,0.39526791927627003,4.5048430419992656,0.3924843423799583,96.48987816699082
1,5,5,2,YZ,0.38065414057063324,4.533593040949199,0.37647877522616563,93.35760175000178
1,5,5,2,XYZ,0.5281837160751566,4.258332833007444,0.5330549756437022,135.23395208298462
1,5,5,3,X,0.24425887265135698,2.3972293750266545,0.24147529575504523,62.829830583999865
1,5,5,3,Y,0.25260960334029225,2.5354053750052117,0.23521224773834376,64.03960895899218
1,5,5,3,Z,0.2588726513569937,2.5818937919684686,0.2567849686847599,63.86349295795662
1,5,5,3,XY,0.4091858037578288,2.255274958035443,0.39944328462073764,93.95673537504626
1,5,5,3,XZ,0.3771746694502436,2.732087792013772,0.3792623521224774,95.09236829198198
1,5,5,3,YZ,0.3535142658315936,2.493709000002127,0.348643006263048,96.18187533400487
1,5,5,3,XYZ,0.476687543493389,2.6692905840463936,0.47738343771746694,135.16778841702035
1,5,5,4,X,0.18232428670842032,2.6887835829984397,0.18649965205288796,63.9407520419918
1,5,5,4,Y,0.23382045929018788,2.596557750017382,0.23660403618649964,64.51882395899156
1,5,5,4,Z,0.3235908141962422,2.668315791990608,0.32150313152400833,64.0747706660186
1,5,5,4,XY,0.2978427279053584,2.6408484170096926,0.3013221990257481,95.12200941698393
1,5,5,4,XZ,0.4210160055671538,2.626923625008203,0.4091858037578288,95.00768520799465
1,5,5,4,YZ,0.4627696590118302,2.5337329159956425,0.44328462073764785,95.81965141696855
1,5,5,4,XYZ,0.4892136395267919,2.4909973749890924,0.4592901878914405,135.6278094999725
1,5,5,5,X,0.24565066109951286,2.704889790969901,0.24704244954766874,63.945127166982275
1,5,5,5,Y,0.12595685455810718,2.7795628750463948,0.12595685455810718,64.03853354195599
1,5,5,5,Z,0.16562282533054976,2.8381677090073936,0.162839248434238,63.18113758403342
1,5,5,5,XY,0.2985386221294363,2.5955727500258945,0.2915796798886569,95.69711358298082
1,5,5,5,XZ,0.3124565066109951,2.731479041976854,0.3068893528183716,95.92225454194704
1,5,5,5,YZ,0.16075156576200417,2.8154135000077076,0.16005567153792624,92.77497162501095
1,5,5,5,XYZ,0.32080723729993044,2.984811834001448,0.31454418928322897,134.04229779099114
1,5,5,6,X,0.2199025748086291,4.415734042006079,0.21920668058455114,64.13165762496646
1,5,5,6,Y,0.24843423799582465,4.236224333988503,0.24356297842727906,63.48473654204281
1,5,5,6,Z,0.14822546972860126,3.640027540968731,0.14335421016005567,64.03825345798396
1,5,5,6,XY,0.3465553235908142,4.196361375041306,0.3444676409185804,94.70665808301419
1,5,5,6,XZ,0.29993041057759223,4.161728875013068,0.2964509394572025,94.55905704101315
1,5,5,6,YZ,0.3187195546276966,4.2162692920537665,0.31454418928322897,93.61423145799199
1,5,5,6,XYZ,0.39109255393180237,4.335615458025131,0.3903966597077244,137.65298020798946
1,5,5,7,X,0.09672929714683368,4.509560625010636,0.09742519137091162,61.94407541700639
1,5,5,7,Y,0.1489213639526792,4.227070958004333,0.1489213639526792,62.43784929200774
1,5,5,7,Z,0.20250521920668058,4.042844957963098,0.19693806541405706,64.59243199997582
1,5,5,7,XY,0.16423103688239388,4.006640665989835,0.16423103688239388,94.61105383298127
1,5,5,7,XZ,0.2268615170494085,4.14755375002278,0.21711899791231734,95.87842916697264
1,5,5,7,YZ,0.24425887265135698,4.380601666984148,0.23938761308281142,94.69651304098079
1,5,5,7,XYZ,0.2533054975643702,4.538451833999716,0.24495476687543494,139.1286770000006
1,5,5,8,X,0.1315240083507307,4.850094166002236,0.13430758524704245,63.308930708037224
1,5,5,8,Y,0.17188587334725122,4.553640374972019,0.17258176757132915,65.53651883400744
1,5,5,8,Z,0.19832985386221294,4.565127290959936,0.19693806541405706,65.86335779202636
1,5,5,8,XY,0.15866388308977036,4.552030291000847,0.15866388308977036,96.55926087498665
1,5,5,8,XZ,0.22825330549756437,4.373308792011812,0.2254697286012526,97.37072720803553
1,5,5,8,YZ,0.26443980514961724,4.125906082976144,0.267223382045929,97.21931241598213
1,5,5,8,XYZ,0.2741823242867084,4.234096999978647,0.27487821851078637,136.6167707919958
1,5,5,9,X,0.17188587334725122,3.3791067500133067,0.17118997912317327,64.85790541698225
1,5,5,9,Y,0.21016005567153792,3.345051791984588,0.20946416144746,65.44422412500717
1,5,5,9,Z,0.2428670842032011,3.7062489590025507,0.23869171885873347,65.84699133300455
1,5,5,9,XY,0.23938761308281142,4.106331125018187,0.24008350730688935,96.65589720802382
1,5,5,9,XZ,0.2894919972164231,4.422741667018272,0.2839248434237996,97.99652995902579
1,5,5,9,YZ,0.3242867084203201,4.19194237497868,0.32289491997216424,96.55671041697497
1,5,5,9,XYZ,0.3395963813500348,3.6121454169624485,0.337508698677801,135.65785883297212
2,5,3,0,X,0.10160055671537926,3.121431208041031,0.10160055671537926,97.45273387501948
2,5,3,0,Y,0.26374391092553934,3.672491999983322,0.26374391092553934,97.95174400001997
2,5,3,0,Z,0.22825330549756437,3.443291041010525,0.22616562282533054,97.91955712495837
2,5,3,0,XY,0.26374391092553934,3.470086041954346,0.26374391092553934,188.40235762501834
2,5,3,0,XZ,0.22825330549756437,3.3498542090528645,0.22616562282533054,190.97233758302173
2,5,3,0,YZ,0.3535142658315936,3.414438290987164,0.3535142658315936,190.32606466603465
2,5,3,0,XYZ,0.3535142658315936,3.280561250052415,0.3535142658315936,328.4999220830505
2,5,3,1,X,0.30410577592205984,1.773255500011146,0.3068893528183716,96.04911199997878
2,5,3,1,Y,0.29018789144050106,1.7942272080108523,0.2915796798886569,97.38055820803856
2,5,3,1,Z,0.2359081419624217,1.8386720839771442,0.23382045929018788,97.15549379197182
2,5,3,1,XY,0.4244954766875435,1.9438320000190288,0.4231036882393876,192.8206556669902
2,5,3,1,XZ,0.4022268615170494,1.7889999590115622,0.4001391788448156,191.35172545799287
2,5,3,1,YZ,0.3729993041057759,1.703734999988228,0.3709116214335421,193.202247084002
2,5,3,1,XYZ,0.4892136395267919,1.946726334048435,0.4871259568545581,327.88639966596384
2,5,3,2,X,0.10160055671537926,2.4834384999703616,0.10160055671537926,101.22889729205053
2,5,3,2,Y,0.5748086290883786,2.4360514999716543,0.5511482254697286,100.45798162498977
2,5,3,2,Z,0.48295059151009045,2.605883250012994,0.46555323590814196,101.18049604201224
2,5,3,2,XY,0.5748086290883786,2.4617831670329906,0.5511482254697286,198.74387275002664
2,5,3,2,XZ,0.48295059151009045,3.5461585000157356,0.46555323590814196,197.48528020898812
2,5,3,2,YZ,0.7404314544189283,2.6227185419993475,0.7251217814892137,197.41003008297412
2,5,3,2,XYZ,0.7404314544189283,2.5951861669891514,0.7251217814892137,330.31868791702436
2,5,3,3,X,0.5010438413361169,2.702634792018216,0.49826026443980515,102.59252295899205
2,5,3,3,Y,0.6868475991649269,2.685158333973959,0.7021572720946416,101.72436883300543
2,5,3,3,Z,0.5915100904662491,2.7648882920038886,0.5706332637439109,102.95236445800401
2,5,3,3,XY,0.8225469728601252,2.5829965829616413,0.7835768963117606,195.5684531669831
2,5,3,3,XZ,0.7974947807933194,2.443378959025722,0.7863604732080723,196.14461408299394
2,5,3,3,YZ,0.8315935977731385,2.455646665999666,0.8183716075156576,193.34721012500813
2,5,3,3,XYZ,0.8886569241475296,2.682086790970061,0.8747390396659708,327.70655808300944
2,5,3,4,X,0.24704244954766874,1.8427597499685362,0.24843423799582465,99.68223924998892
2,5,3,4,Y,0.2630480167014614,2.125003083026968,0.2665274878218511,99.5519212919753
2,5,3,4,Z,0.2616562282533055,1.8338845419930294,0.26235212247738343,99.32954041700577
2,5,3,4,XY,0.36464857341684065,1.867948874947615,0.36464857341684065,193.6031537920353
2,5,3,4,XZ,0.3312456506610995,1.876894833985716,0.3326374391092554,193.47901645902311
2,5,3,4,YZ,0.33402922755741127,1.8359156670048833,0.3347251217814892,193.67286470899126
2,5,3,4,XYZ,0.3987473903966597,1.7387151250150055,0.3987473903966597,327.660890707979
2,5,3,5,X,0.5483646485734168,2.6818096669740044,0.5295755045233125,100.41634729097132
2,5,3,5,Y,0.39735560194850383,2.459358957945369,0.3938761308281141,100.37878516700584
2,5,3,5,Z,0.6304801670146137,2.6590553339920007,0.5998608211551845,100.69380975002423
2,5,3,5,XY,0.6443980514961726,2.450157582992688,0.6311760612386917,195.02942620799877
2,5,3,5,XZ,0.7334725121781489,2.594763333967421,0.6965901183020181,194.70710254099686
2,5,3,5,YZ,0.6652748782185108,2.5222214169916697,0.6102992345163535,196.30574287497438
2,5,3,5,XYZ,0.7724425887265136,2.769984124985058,0.7348643006263048,323.30528495798353
2,5,3,6,X,0.26931106471816285,3.4502988340100273,0.2700069589422408,100.83017641602783
2,5,3,6,Y,0.27348643006263046,3.4514587079756893,0.2741823242867084,100.78898745798506
2,5,3,6,Z,0.6304801670146137,3.5741965420311317,0.5998608211551845,100.35895650001476
2,5,3,6,XY,0.37647877522616563,3.3660307920072228,0.37647877522616563,195.63653166597942
2,5,3,6,XZ,0.5901183020180932,3.2725831660209224,0.5337508698677801,191.9615442500217
2,5,3,6,YZ,0.6207376478775226,3.2700877499883063,0.5629784272790536,191.8739010829595
2,5,3,6,XYZ,0.6179540709812108,3.5505573750124313,0.5734168406402227,321.02380854199873
2,5,3,7,X,0.10160055671537926,2.7920192920137197,0.10160055671537926,100.10359708295437
2,5,3,7,Y,0.4732080723729993,2.5788115409668535,0.4523312456506611,100.9243519580341
2,5,3,7,Z,0.5212247738343772,2.527483541984111,0.5045233124565066,99.91558987501776
2,5,3,7,XY,0.4732080723729993,2.4628296670271084,0.4523312456506611,186.9096118339803
2,5,3,7,XZ,0.5212247738343772,2.4967005000216886,0.5045233124565066,185.9859716250212
2,5,3,7,YZ,0.7292971468336813,2.669428625027649,0.7098121085594989,185.55808358400827
2,5,3,7,XYZ,0.7292971468336813,2.7422547499882057,0.7098121085594989,312.4338724160334
2,5,3,8,X,0.10160055671537926,3.026641374977771,0.10160055671537926,95.30397274997085
2,5,3,8,Y,0.290883785664579,3.110059834027197,0.28531663187195544,95.6099190840032
2,5,3,8,Z,0.17745302713987474,2.9249926249613054,0.17606123869171886,95.32788966601947
2,5,3,8,XY,0.290883785664579,3.2320703340228647,0.28531663187195544,184.46561904199189
2,5,3,8,XZ,0.17745302713987474,3.1294854159932584,0.17606123869171886,185.5756857499946
2,5,3,8,YZ,0.3326374391092554,2.976712415984366,0.32637439109255395,185.49669637496118
2,5,3,8,XYZ,0.3326374391092554,2.857746583991684,0.32637439109255395,313.72731883398956
2,5,3,9,X,0.2254697286012526,2.46832349995384,0.2254697286012526,94.9493445410044
2,5,3,9,Y,0.29366736256089077,2.5112362499930896,0.2950591510090466,95.7682359169703
2,5,3,9,Z,0.32637439109255395,2.332902375026606,0.32637439109255395,94.38616749999346
2,5,3,9,XY,0.41684064022268613,2.3892348330118693,0.42171189979123175,185.03659250005148
2,5,3,9,XZ,0.4244954766875435,2.4162235420080833,0.4244954766875435,186.4220150000183
2,5,3,9,YZ,0.43562978427279053,2.381636707985308,0.4363256784968685,186.67881954205222
2,5,3,9,XYZ,0.5281837160751566,2.363053500012029,0.5281837160751566,312.34394774999237
3,5,2,0,X,0.3618649965205289,2.7179591670283116,0.36325678496868474,138.16778025001986
3,5,2,0,Y,0.2254697286012526,2.4012965409783646,0.22407794015309673,136.26986895903246
3,5,2,0,Z,0.2588726513569937,2.6872716250363737,0.2609603340292276,136.87908033304848
3,5,2,0,XY,0.4474599860821155,2.5216761660412885,0.4439805149617258,316.1287060829927
3,5,2,0,XZ,0.453027139874739,2.4801451669773087,0.453027139874739,318.29498029104434
3,5,2,0,YZ,0.32846207376478775,2.3268730840063654,0.3291579679888657,314.3228443749831
3,5,2,0,XYZ,0.5198329853862212,2.3980024170014076,0.5219206680584552,586.721258540987
3,5,2,1,X,0.6130828114126653,1.605714583012741,0.6026443980514962,138.02980054198997
3,5,2,1,Y,0.8670842032011135,1.5812073340057395,0.8566457898399443,137.13096574996598
3,5,2,1,Z,0.5581071677105081,1.8006864589988254,0.5281837160751566,136.9296744579915
3,5,2,1,XY,0.8942240779401531,1.6181429999996908,0.8789144050104384,317.5673542920267
3,5,2,1,XZ,0.8475991649269311,1.6575074580032378,0.802366040361865,319.57780016597826
3,5,2,1,YZ,0.9366736256089074,1.7908268330502324,0.9164926931106472,318.32415029098047
3,5,2,1,XYZ,0.9631176061238692,1.6243539169663563,0.9554627696590118,588.0991712080431
3,5,2,2,X,0.348643006263048,1.4898532910156064,0.3465553235908142,136.10742208297597
3,5,2,2,Y,0.7856645789839944,1.6579801249899901,0.7647877522616562,137.61174258298706
3,5,2,2,Z,0.2825330549756437,1.5833253749879077,0.2825330549756437,137.13888174999738
3,5,2,2,XY,0.8406402226861517,1.5476523750112392,0.81419624217119,320.4462095000199
3,5,2,2,XZ,0.4398051496172582,1.6186905829817988,0.4405010438413361,319.90374120802153
3,5,2,2,YZ,0.8190675017397355,1.8241348339943215,0.8002783576896312,317.2900209579966
3,5,2,2,XYZ,0.8622129436325678,1.6636900840094313,0.8462073764787752,587.6776518329862
3,5,2,3,X,0.8670842032011135,1.640118542010896,0.8566457898399443,140.63051237497712
3,5,2,3,Y,0.6130828114126653,1.6290188330458477,0.6026443980514962,140.15974883298622
3,5,2,3,Z,0.5581071677105081,1.670899917022325,0.5281837160751566,139.08647312497487
3,5,2,3,XY,0.8942240779401531,2.0057101249694824,0.8789144050104384,319.1455699590151
3,5,2,3,XZ,0.9366736256089074,1.5199794590007514,0.9164926931106472,318.92064504203154
3,5,2,3,YZ,0.8475991649269311,1.5813515419722535,0.802366040361865,319.3050787090324
3,5,2,3,XYZ,0.9631176061238692,1.5483874999918044,0.9554627696590118,587.3102507910226
3,5,2,4,X,0.7146833681280446,1.4933474999852479,0.6945024356297843,137.3915173750138
3,5,2,4,Y,0.10160055671537926,1.6392348750378005,0.10160055671537926,138.26269395800773
3,5,2,4,Z,0.7369519832985386,1.5425822079996578,0.720946416144746,139.34611966600642
3,5,2,4,XY,0.7146833681280446,1.7641797499964014,0.6945024356297843,320.0187299590325
3,5,2,4,XZ,0.9109255393180237,1.5121495830244385,0.8970076548364648,318.12326274998486
3,5,2,4,YZ,0.7369519832985386,1.5456318749929778,0.720946416144746,319.89254633302335
3,5,2,4,XYZ,0.9109255393180237,1.4154491670196876,0.8970076548364648,585.949206832971
3,5,2,5,X,0.8114126652748782,2.2409277919796295,0.7981906750173974,139.70542566699442
3,5,2,5,Y,0.7856645789839944,2.121862083033193,0.721642310368824,139.42488970799604
3,5,2,5,Z,0.7738343771746694,2.2670860840007663,0.7418232428670842,140.320678625023
3,5,2,5,XY,0.9241475295755045,2.4334228329826146,0.9039665970772442,319.92847483296646
3,5,2,5,XZ,0.9206680584551148,2.179399749962613,0.9095337508698678,320.1247040409944
3,5,2,5,YZ,0.8830897703549061,2.3928519589826465,0.8656924147529576,319.24786420800956
3,5,2,5,XYZ,0.965205288796103,2.274984458985273,0.9582463465553236,584.1006342920009
3,5,2,6,X,0.6012526096033403,1.5205363330314867,0.5866388308977035,138.23541762505192
3,5,2,6,Y,0.7856645789839944,1.5734484589775093,0.7647877522616562,137.05674525001086
3,5,2,6,Z,0.7543493389004872,1.5927307910169475,0.7369519832985386,138.76255424995907
3,5,2,6,XY,0.9081419624217119,1.7719516250072047,0.906054279749478,317.11406079196604
3,5,2,6,XZ,0.8656924147529576,1.7032315840478987,0.8343771746694503,316.8897435410181
3,5,2,6,YZ,0.9157967988865693,1.5166917080059648,0.9123173277661796,319.69591549999313
3,5,2,6,XYZ,0.9554627696590118,1.5843839169829153,0.9519832985386222,585.5866925419541
3,5,2,7,X,0.10160055671537926,1.5126369580393657,0.10160055671537926,138.46962799999164
3,5,2,7,Y,0.6889352818371608,1.6221864999970421,0.6541405706332637,139.38300333399093
3,5,2,7,Z,0.49826026443980515,1.5292817919980735,0.49826026443980515,138.8440394999925
3,5,2,7,XY,0.6889352818371608,1.7176902500214055,0.6541405706332637,318.5529842499527
3,5,2,7,XZ,0.49826026443980515,1.6709552909596823,0.49826026443980515,319.3014903750154
3,5,2,7,YZ,0.8295059151009047,1.5007835830328986,0.8079331941544885,319.69848991703475
3,5,2,7,XYZ,0.8295059151009047,2.1350160829606466,0.8079331941544885,587.1015097500058
3,5,2,8,X,0.7856645789839944,1.6538933330448344,0.7647877522616562,138.67475474998355
3,5,2,8,Y,0.348643006263048,1.7613371249753982,0.3465553235908142,137.0672103340039
3,5,2,8,Z,0.2825330549756437,1.6912810420035385,0.2825330549756437,137.36366799997631
3,5,2,8,XY,0.8406402226861517,1.5572078750119545,0.81419624217119,317.356479457987
3,5,2,8,XZ,0.8190675017397355,1.627259041997604,0.8002783576896312,317.837622291001
3,5,2,8,YZ,0.4398051496172582,1.5341610409668647,0.4405010438413361,317.48463050002465
3,5,2,8,XYZ,0.8622129436325678,1.601091583026573,0.8462073764787752,591.9615759580047
3,5,2,9,X,0.10160055671537926,1.873445334029384,0.10160055671537926,136.56637495796895
3,5,2,9,Y,0.10160055671537926,2.0308634999673814,0.10160055671537926,135.67564820800908
3,5,2,9,Z,0.10160055671537926,1.660195417003706,0.10160055671537926,137.0259374169982
3,5,2,9,XY,0.10160055671537926,1.8322811250109226,0.10160055671537926,318.61913350003306
3,5,2,9,XZ,0.10160055671537926,1.666160041000694,0.10160055671537926,320.0959541660268
3,5,2,9,YZ,0.10160055671537926,1.9252543749753386,0.10160055671537926,319.3723472909769
3,5,2,9,XYZ,0.10160055671537926,1.6854840839514509,0.10160055671537926,607.6491412079777
4,5,2,0,X,0.41684064022268613,2.371044332976453,0.41823242867084204,192.51150137500372
4,5,2,0,Y,0.32289491997216424,2.722566790995188,0.32150313152400833,192.96716708299937
4,5,2,0,Z,0.2567849686847599,2.5845592499827035,0.2588726513569937,193.7094794170116
4,5,2,0,XY,0.5191370911621433,2.404277083987836,0.5163535142658316,521.8011589579983
4,5,2,0,XZ,0.5198329853862212,2.365483207977377,0.5212247738343772,520.0688174160314
4,5,2,0,YZ,0.40848990953375086,3.100077415991109,0.41057759220598466,534.7320088749984
4,5,2,0,XYZ,0.6012526096033403,2.8358713749912567,0.6005567153792624,1015.2404387500137
4,5,2,1,X,0.8232428670842032,1.723322875041049,0.7926235212247739,205.34972304099938
4,5,2,1,Y,0.8844815588030619,1.7472165829967707,0.8712595685455811,206.06428245804273
4,5,2,1,Z,0.7668754349338901,1.7369615829666145,0.7376478775226165,204.3847061249544
4,5,2,1,XY,0.9241475295755045,1.6925952079473063,0.9046624913013221,532.5052445000038
4,5,2,1,XZ,0.9352818371607515,1.754638165992219,0.9164926931106472,534.8346447920194
4,5,2,1,YZ,0.9554627696590118,1.7598415419925004,0.9485038274182325,530.3942540829885
4,5,2,1,XYZ,0.9686847599164927,1.818730750004761,0.9631176061238692,1018.7522959159687
4,5,2,2,X,0.47877522616562285,1.8636427500168793,0.4759916492693111,209.69610199995805
4,5,2,2,Y,0.8587334725121781,2.390393000037875,0.8406402226861517,211.07861841702834
4,5,2,2,Z,0.3945720250521921,1.8577301250188611,0.39735560194850383,207.16103237500647
4,5,2,2,XY,0.9067501739735561,2.3051142919575796,0.8900487125956854,533.210171542014
4,5,2,2,XZ,0.5643702157272095,2.1331137500237674,0.5643702157272095,532.8224662910216
4,5,2,2,YZ,0.8865692414752957,2.304119708016515,0.8663883089770354,529.5656876660069
4,5,2,2,XYZ,0.9220598469032707,2.303934958006721,0.9067501739735561,1014.6701320840511
4,5,2,3,X,0.8844815588030619,1.8629697909927927,0.8712595685455811,203.59223216597456
4,5,2,3,Y,0.8232428670842032,2.061927666014526,0.7926235212247739,207.48861029202817
4,5,2,3,Z,0.7668754349338901,1.9180022079963237,0.7376478775226165,204.36265525000636
4,5,2,3,XY,0.9241475295755045,1.9705818750080653,0.9046624913013221,533.4380460839602
4,5,2,3,XZ,0.9554627696590118,1.9193538329564035,0.9485038274182325,531.8924454170046
4,5,2,3,YZ,0.9352818371607515,2.1620794580085203,0.9164926931106472,537.1663680419442
4,5,2,3,XYZ,0.9686847599164927,2.1814063750207424,0.9631176061238692,1029.7719299590099
4,5,2,4,X,0.721642310368824,1.7926683750119992,0.7223382045929019,206.249100541987
4,5,2,4,Y,0.10160055671537926,1.888388708990533,0.10160055671537926,206.61456970800646
4,5,2,4,Z,0.7599164926931107,1.7265604590065777,0.755741127348643,206.69943229103228
4,5,2,4,XY,0.721642310368824,1.8387168750050478,0.7223382045929019,535.1127938340069
4,5,2,4,XZ,0.9478079331941545,1.8261857500183396,0.9394572025052192,538.9141438329825
4,5,2,4,YZ,0.7599164926931107,1.8705138750374317,0.755741127348643,540.083456124994
4,5,2,4,XYZ,0.9478079331941545,1.937197582970839,0.9394572025052192,1010.687076082977
4,5,2,5,X,0.872651356993737,2.743099584011361,0.8552540013917884,210.5377297080122
4,5,2,5,Y,0.7571329157967989,2.8849822499905713,0.7494780793319415,208.5430747080245
4,5,2,5,Z,0.7995824634655533,2.586407250026241,0.7661795407098121,212.20087524998235
4,5,2,5,XY,0.9387613082811412,3.0069657920394093,0.9206680584551148,530.2441142919706
4,5,2,5,XZ,0.941544885177453,2.8646512090344913,0.9345859429366736,520.9774327919586
4,5,2,5,YZ,0.9018789144050104,2.912655249994714,0.883785664578984,531.4154881670256
4,5,2,5,XYZ,0.9665970772442589,3.028988291043788,0.9610299234516354,1032.4208880829974
4,5,2,6,X,0.7146833681280446,2.0922377920360304,0.6958942240779401,207.87863699998707
4,5,2,6,Y,0.8587334725121781,1.8516759580234066,0.8406402226861517,210.0836012919899
4,5,2,6,Z,0.8037578288100209,2.013604999985546,0.7974947807933194,207.68965370900696
4,5,2,6,XY,0.9324982602644398,2.212503375019878,0.9262352122477383,523.2902190830209
4,5,2,6,XZ,0.9144050104384134,2.2533833750057966,0.9116214335421016,528.2413819169742
4,5,2,6,YZ,0.9631176061238692,2.0843756669783033,0.9582463465553236,529.3205629999866
4,5,2,6,XYZ,0.9735560194850382,1.9833918329677545,0.9714683368128044,1023.6636867910274
4,5,2,7,X,0.10160055671537926,1.9365541249862872,0.10160055671537926,201.58428716601338
4,5,2,7,Y,0.81419624217119,1.8491430419962853,0.7926235212247739,203.82099945796654
4,5,2,7,Z,0.8107167710508003,2.0477888339664787,0.7863604732080723,208.6902855419903
4,5,2,7,XY,0.81419624217119,1.985574499994982,0.7926235212247739,537.0107710000011
4,5,2,7,XZ,0.8107167710508003,1.9557131670298986,0.7863604732080723,537.9958388339728
4,5,2,7,YZ,0.9401530967292971,1.6094651670427993,0.9290187891440501,550.2961419579806
4,5,2,7,XYZ,0.9401530967292971,1.8577502919943072,0.9290187891440501,1022.4315563749988
4,5,2,8,X,0.8587334725121781,1.9665825000265613,0.8406402226861517,212.13784658303484
4,5,2,8,Y,0.47877522616562285,2.131230459024664,0.4759916492693111,211.40716979198623
4,5,2,8,Z,0.3945720250521921,2.0598677080124617,0.39735560194850383,212.66508025000803
4,5,2,8,XY,0.9067501739735561,2.033799374999944,0.8900487125956854,541.8533869590028
4,5,2,8,XZ,0.8865692414752957,2.0976631669909693,0.8663883089770354,534.2582862499985
4,5,2,8,YZ,0.5643702157272095,2.03255658299895,0.5643702157272095,529.6264151670039
4,5,2,8,XYZ,0.9220598469032707,2.1388166249962524,0.9067501739735561,1008.7280597499921
4,5,2,9,X,0.10160055671537926,2.050210417015478,0.10160055671537926,214.22008379199542
4,5,2,9,Y,0.10160055671537926,2.029050124983769,0.10160055671537926,212.40820566599723
4,5,2,9,Z,0.10160055671537926,2.149030541011598,0.10160055671537926,212.66558983398136
4,5,2,9,XY,0.10160055671537926,1.9935713750310242,0.10160055671537926,521.9868992920383
4,5,2,9,XZ,0.10160055671537926,1.969440917018801,0.10160055671537926,533.3646445000195
4,5,2,9,YZ,0.10160055671537926,2.5083911669789813,0.10160055671537926,519.7070470829494
4,5,2,9,XYZ,0.10160055671537926,1.8472281659487635,0.10160055671537926,982.7156701249769
5,5,1,0,X,0.10160055671537926,1.5578046249574982,0.10160055671537926,270.0453814580105
5,5,1,0,Y,0.9046624913013221,1.753951040969696,0.8782185107863605,272.18640308402246
5,5,1,0,Z,0.8072372999304106,1.6361403330229223,0.7696590118302018,268.77762245899066
5,5,1,0,XY,0.9046624913013221,1.4646086660213768,0.8782185107863605,738.2298582090298
5,5,1,0,XZ,0.8072372999304106,1.5371290410403162,0.7696590118302018,734.2703029160039
5,5,1,0,YZ,0.9617258176757133,1.5185817079618573,0.9610299234516354,742.2141614169814
5,5,1,0,XYZ,0.9617258176757133,1.8086703330045566,0.9610299234516354,1490.8814508339856
5,5,1,1,X,0.8893528183716075,0.7626437909784727,0.8705636743215032,265.1985750840395
5,5,1,1,Y,0.10160055671537926,1.0585452090017498,0.10160055671537926,265.622324750002
5,5,1,1,Z,0.83785664578984,0.7890192919876426,0.8204592901878914,264.14676816697465
5,5,1,1,XY,0.8893528183716075,0.7699603330111131,0.8705636743215032,748.3429661249975
5,5,1,1,XZ,0.977731384829506,0.8398447909858078,0.9735560194850382,736.2565378330182
5,5,1,1,YZ,0.83785664578984,1.010621708992403,0.8204592901878914,741.4115976250032
5,5,1,1,XYZ,0.977731384829506,0.8223404160235077,0.9735560194850382,1471.380980291986
5,5,1,2,X,0.10160055671537926,1.6152526250225492,0.10160055671537926,268.2171391249867
5,5,1,2,Y,0.10160055671537926,1.6757238329737447,0.10160055671537926,267.62548958300613
5,5,1,2,Z,0.10160055671537926,1.6505919999908656,0.10160055671537926,264.1483163330122
5,5,1,2,XY,0.10160055671537926,1.727389540988952,0.10160055671537926,728.8892573750345
5,5,1,2,XZ,0.10160055671537926,1.5919452080270275,0.10160055671537926,742.140869584051
5,5,1,2,YZ,0.10160055671537926,1.6404484169906937,0.10160055671537926,738.1421352920006
5,5,1,2,XYZ,0.10160055671537926,1.6336619579815306,0.10160055671537926,1475.4997365419986
5,5,1,3,X,0.10160055671537926,0.8096725840005092,0.10160055671537926,265.75885400001425
5,5,1,3,Y,0.10160055671537926,0.8350507079740055,0.10160055671537926,266.83379754103953
5,5,1,3,Z,0.10160055671537926,0.8162725000292994,0.10160055671537926,266.5931159579777
5,5,1,3,XY,0.10160055671537926,0.7965179579914548,0.10160055671537926,743.8801288749673
5,5,1,3,XZ,0.10160055671537926,0.8089180830284022,0.10160055671537926,750.8253714579623
5,5,1,3,YZ,0.10160055671537926,0.8054826660081744,0.10160055671537926,753.0617554580094
5,5,1,3,XYZ,0.10160055671537926,0.9223950000014156,0.10160055671537926,1476.9927484579966
5,5,1,4,X,0.10160055671537926,1.4786014159908518,0.10160055671537926,275.963762957952
5,5,1,4,Y,0.9046624913013221,1.5712803330388851,0.8782185107863605,279.97939483297523
5,5,1,4,Z,0.8072372999304106,1.6525911670178175,0.7696590118302018,273.9868450840004
5,5,1,4,XY,0.9046624913013221,1.581197124964092,0.8782185107863605,745.8563499579905
5,5,1,4,XZ,0.8072372999304106,1.6376203750260174,0.7696590118302018,744.8816388749983
5,5,1,4,YZ,0.9617258176757133,1.6570429999846965,0.9610299234516354,758.4412207500427
5,5,1,4,XYZ,0.9617258176757133,1.4898147089988925,0.9610299234516354,1447.5635754160467
5,5,1,5,X,0.10160055671537926,1.5380282090045512,0.10160055671537926,277.9620920830057
5,5,1,5,Y,0.10160055671537926,1.7121458750334568,0.10160055671537926,275.24377775000175
5,5,1,5,Z,0.10160055671537926,1.6316315839649178,0.10160055671537926,275.95195466600126
5,5,1,5,XY,0.10160055671537926,1.550425291992724,0.10160055671537926,744.4676748749916
5,5,1,5,XZ,0.10160055671537926,1.5559469999861903,0.10160055671537926,747.9409792500082
5,5,1,5,YZ,0.10160055671537926,1.8319339160225354,0.10160055671537926,740.0869881659746
5,5,1,5,XYZ,0.10160055671537926,1.3326763750519603,0.10160055671537926,1460.5648682500469
5,5,1,6,X,0.44676409185803756,1.745248166960664,0.44676409185803756,272.6051047499641
5,5,1,6,Y,0.10160055671537926,1.6263892499846406,0.10160055671537926,269.8006147079868
5,5,1,6,Z,0.40431454418928325,1.9405064589809626,0.3966597077244259,271.58981504198164
5,5,1,6,XY,0.44676409185803756,1.6819130000076257,0.44676409185803756,742.8443434169749
5,5,1,6,XZ,0.6005567153792624,1.6915846660267562,0.6019485038274183,742.3993662500288
5,5,1,6,YZ,0.40431454418928325,2.20882724999683,0.3966597077244259,734.3954747910029
5,5,1,6,XYZ,0.6005567153792624,1.7290225000469945,0.6019485038274183,1421.5502242090297
5,5,1,7,X,0.10160055671537926,1.448603666969575,0.10160055671537926,263.23510283295764
5,5,1,7,Y,0.9046624913013221,1.658985832997132,0.8782185107863605,265.31122754199896
5,5,1,7,Z,0.8072372999304106,1.7318354159942828,0.7696590118302018,263.08385283401003
5,5,1,7,XY,0.9046624913013221,1.3405144159914926,0.8782185107863605,743.1570780829643
5,5,1,7,XZ,0.8072372999304106,1.6488990420475602,0.7696590118302018,737.9558327919804
5,5,1,7,YZ,0.9617258176757133,1.7440761250327341,0.9610299234516354,737.6667262500268
5,5,1,7,XYZ,0.9617258176757133,1.709979250037577,0.9610299234516354,1326.7940118749975
5,5,1,8,X,0.10160055671537926,1.8264828330138698,0.10160055671537926,268.310485458991
5,5,1,8,Y,0.9046624913013221,1.7558452499797568,0.8782185107863605,267.5426519160392
5,5,1,8,Z,0.8072372999304106,1.436562667018734,0.7696590118302018,270.9178652080009
5,5,1,8,XY,0.9046624913013221,1.6056476249941625,0.8782185107863605,743.9669557500165
5,5,1,8,XZ,0.8072372999304106,1.6363541670143604,0.7696590118302018,735.3848611660069
5,5,1,8,YZ,0.9617258176757133,1.4216131250141189,0.9610299234516354,736.6630551670096
5,5,1,8,XYZ,0.9617258176757133,1.5378366250079125,0.9610299234516354,1152.3376512090326
5,5,1,9,X,0.44676409185803756,1.8806123330141418,0.44676409185803756,272.75547833298333
5,5,1,9,Y,0.10160055671537926,1.5998396250070073,0.10160055671537926,276.2054883330129
5,5,1,9,Z,0.40431454418928325,2.0874477500328794,0.3966597077244259,273.89106962498045
5,5,1,9,XY,0.44676409185803756,2.171026833995711,0.44676409185803756,640.1575592919835
5,5,1,9,XZ,0.6005567153792624,1.732045917015057,0.6019485038274183,626.0798824999947
5,5,1,9,YZ,0.40431454418928325,1.6906784999882802,0.3966597077244259,598.1782252090052
5,5,1,9,XYZ,0.6005567153792624,1.953587708005216,0.6019485038274183,977.1585246250033
